week,period_start,currency,opening_cash,collections,confirmed_financing,model_runner_tools,infrastructure,team_support,other_outflows,total_outflows,closing_cash,actual_or_forecast,source,owner,status
1,,,,,,,,,,,,,,,INPUT REQUIRED
2,,,,,,,,,,,,,,,INPUT REQUIRED
3,,,,,,,,,,,,,,,INPUT REQUIRED
4,,,,,,,,,,,,,,,INPUT REQUIRED
5,,,,,,,,,,,,,,,INPUT REQUIRED
6,,,,,,,,,,,,,,,INPUT REQUIRED
7,,,,,,,,,,,,,,,INPUT REQUIRED
8,,,,,,,,,,,,,,,INPUT REQUIRED
9,,,,,,,,,,,,,,,INPUT REQUIRED
10,,,,,,,,,,,,,,,INPUT REQUIRED
11,,,,,,,,,,,,,,,INPUT REQUIRED
12,,,,,,,,,,,,,,,INPUT REQUIRED
13,,,,,,,,,,,,,,,INPUT REQUIRED
