Yerel kayıt kodu,İş,Faz,Sorumlu rolü,Kabul ölçütü,Durum,Bağımlılık,Hedef tarih,Kanıt,GitHub issue,Üst kanun kapısı,Yeni somut bağımlılık,Tek sorumlu kişi,Gerekçe,Test kimliği,Güncel inceleme durumu,Kaynak kimliği
PLAN-001,Proje kartı,P0,Ürün sahibi,"Bütçe, sorumlu ve ilk teslim tarihi atanır",KARAR BEKLİYOR,Ana şartnamedeki faz kapısı,ATANACAK,BEKLİYOR,Henüz açılmadı,G0,,ATANACAK,Kaynak MAUSEAI kapsamını üst kanunun kabul ve kanıt zincirine bağlamak.,TEST-PLAN-001,İŞ HAVUZU,SRC-04
PLAN-002,İhtiyaç doğrulama,P0,Ürün ve satış,Hedef müşteri görüşmeleri ve baz süre/maliyet kayıtlı,DOĞRULAMA BEKLİYOR,Ana şartnamedeki faz kapısı,ATANACAK,BEKLİYOR,Henüz açılmadı,G1,PLAN-001,ATANACAK,Kaynak MAUSEAI kapsamını üst kanunun kabul ve kanıt zincirine bağlamak.,TEST-PLAN-002,İŞ HAVUZU,SRC-04
PLAN-003,Mevcut kod ve CI envanteri,P0,Teknik lider,Branch/commit/PR/CI durumları tarihli envanterde,DOĞRULAMA BEKLİYOR,Ana şartnamedeki faz kapısı,ATANACAK,BEKLİYOR,Henüz açılmadı,G0;G5,PLAN-001,ATANACAK,Kaynak MAUSEAI kapsamını üst kanunun kabul ve kanıt zincirine bağlamak.,TEST-PLAN-003,DOĞRULAMA BEKLİYOR,SRC-04
PLAN-004,Auth ve tenant izolasyonu,P0,Backend,Gerçek A/B tenant negatif testleri geçer,KOD KAYITLI CANLI TEST BEKLİYOR,Ana şartnamedeki faz kapısı,ATANACAK,BEKLİYOR,Henüz açılmadı,G7;G8,PLAN-003,ATANACAK,Kaynak MAUSEAI kapsamını üst kanunun kabul ve kanıt zincirine bağlamak.,TEST-PLAN-004,DOĞRULAMA BEKLİYOR,SRC-04
PLAN-005,Inngest dayanıklı görev,P0,Backend,Kesintide devam ve duplicate event testleri geçer,KOD KAYITLI CANLI TEST BEKLİYOR,Ana şartnamedeki faz kapısı,ATANACAK,BEKLİYOR,Henüz açılmadı,G7,PLAN-003;PLAN-004,ATANACAK,Kaynak MAUSEAI kapsamını üst kanunun kabul ve kanıt zincirine bağlamak.,TEST-PLAN-005,DOĞRULAMA BEKLİYOR,SRC-04
PLAN-006,Gerçek AI sağlayıcı,P0,AI,"Gerçek çağrı, maliyet ve hata davranışı doğrulanır",KOD KAYITLI CANLI TEST BEKLİYOR,Ana şartnamedeki faz kapısı,ATANACAK,BEKLİYOR,Henüz açılmadı,G7,PLAN-003;PLAN-004,ATANACAK,Kaynak MAUSEAI kapsamını üst kanunun kabul ve kanıt zincirine bağlamak.,TEST-PLAN-006,DOĞRULAMA BEKLİYOR,SRC-04
PLAN-007,Audit ve maliyet uzlaştırma,P0,Backend ve finans,Gerçek görev gideri ledger ile eşleşir,DOĞRULAMA BEKLİYOR,Ana şartnamedeki faz kapısı,ATANACAK,BEKLİYOR,Henüz açılmadı,G7;G12,PLAN-005;PLAN-006,ATANACAK,Kaynak MAUSEAI kapsamını üst kanunun kabul ve kanıt zincirine bağlamak.,TEST-PLAN-007,DOĞRULAMA BEKLİYOR,SRC-04
PLAN-008,Hedef ve başarı sözleşmesi,P1,AI ve ürün,Bitti koşulu olmadan yazma görevi başlamaz,PLANLANDI,Ana şartnamedeki faz kapısı,ATANACAK,BEKLİYOR,Henüz açılmadı,G3;G5,PLAN-001;PLAN-002,ATANACAK,Kaynak MAUSEAI kapsamını üst kanunun kabul ve kanıt zincirine bağlamak.,TEST-PLAN-008,İŞ HAVUZU,SRC-04
PLAN-009,Araç kataloğu ve yetki,P1,Entegrasyon,"Sürüm, scope ve doğrulama metodu kayıtlı",PLANLANDI,Ana şartnamedeki faz kapısı,ATANACAK,BEKLİYOR,Henüz açılmadı,G5,PLAN-003;PLAN-008,ATANACAK,Kaynak MAUSEAI kapsamını üst kanunun kabul ve kanıt zincirine bağlamak.,TEST-PLAN-009,İŞ HAVUZU,SRC-04
PLAN-010,API bakım pilotu,P2,Teknik ekip,Kaynak değişiklikten testli PR teslimine E2E geçer,PLANLANDI,Ana şartnamedeki faz kapısı,ATANACAK,BEKLİYOR,Henüz açılmadı,G7;G9,PLAN-005;PLAN-006;PLAN-008;PLAN-009;PLAN-013;PLAN-014,ATANACAK,Kaynak MAUSEAI kapsamını üst kanunun kabul ve kanıt zincirine bağlamak.,TEST-PLAN-010,İŞ HAVUZU,SRC-04
PLAN-011,Windows runner pilotu,P3,Runner,Doğru hesap/pencere üzerinde rapor görevi tamamlanır,PLANLANDI,Ana şartnamedeki faz kapısı,ATANACAK,BEKLİYOR,Henüz açılmadı,G7;G9,PLAN-005;PLAN-008;PLAN-009;PLAN-013;PLAN-014,ATANACAK,Kaynak MAUSEAI kapsamını üst kanunun kabul ve kanıt zincirine bağlamak.,TEST-PLAN-011,İŞ HAVUZU,SRC-04
PLAN-012,Cihaz iptal ve offline,P3,Runner,"Offline bekler, iptalden sonra yeni eylem başlamaz",PLANLANDI,Ana şartnamedeki faz kapısı,ATANACAK,BEKLİYOR,Henüz açılmadı,G8,PLAN-011,ATANACAK,Kaynak MAUSEAI kapsamını üst kanunun kabul ve kanıt zincirine bağlamak.,TEST-PLAN-012,İŞ HAVUZU,SRC-04
PLAN-013,Bağımsız verifier,P4,QA ve AI,Yanlış sonuç SUCCEEDED olamaz,PLANLANDI,Ana şartnamedeki faz kapısı,ATANACAK,BEKLİYOR,Henüz açılmadı,G7;G8,PLAN-008;PLAN-009,ATANACAK,Kaynak MAUSEAI kapsamını üst kanunun kabul ve kanıt zincirine bağlamak.,TEST-PLAN-013,İŞ HAVUZU,SRC-04
PLAN-014,UNKNOWN uzlaştırma,P4,Backend,Ağ sonrası belirsiz yan etki çift uygulanmaz,PLANLANDI,Ana şartnamedeki faz kapısı,ATANACAK,BEKLİYOR,Henüz açılmadı,G8,PLAN-005;PLAN-009,ATANACAK,Kaynak MAUSEAI kapsamını üst kanunun kabul ve kanıt zincirine bağlamak.,TEST-PLAN-014,İŞ HAVUZU,SRC-04
PLAN-015,Geri alma,P4,Teknik ekip,Uygun görev telafisi test ortamında geçer,PLANLANDI,Ana şartnamedeki faz kapısı,ATANACAK,BEKLİYOR,Henüz açılmadı,G8,PLAN-014,ATANACAK,Kaynak MAUSEAI kapsamını üst kanunun kabul ve kanıt zincirine bağlamak.,TEST-PLAN-015,İŞ HAVUZU,SRC-04
PLAN-016,İnsan müdahalesi ve devir,P5,Frontend ve backend,"İki kullanıcı izler, yönlendirir ve devralır",PLANLANDI,Ana şartnamedeki faz kapısı,ATANACAK,BEKLİYOR,Henüz açılmadı,G7;G9,PLAN-004;PLAN-005;PLAN-012,ATANACAK,Kaynak MAUSEAI kapsamını üst kanunun kabul ve kanıt zincirine bağlamak.,TEST-PLAN-016,İŞ HAVUZU,SRC-04
PLAN-017,Proje hafızası,P5,Veri ve AI,Kaynak/tarih/silme ve şirket izolasyonu testli,PLANLANDI,Ana şartnamedeki faz kapısı,ATANACAK,BEKLİYOR,Henüz açılmadı,G7;G8,PLAN-004;PLAN-013,ATANACAK,Kaynak MAUSEAI kapsamını üst kanunun kabul ve kanıt zincirine bağlamak.,TEST-PLAN-017,İŞ HAVUZU,SRC-04
PLAN-018,Testli yöntem sürümleri,P6,AI ve QA,"Eval, pilot ve rollback kaydı var",PLANLANDI,Ana şartnamedeki faz kapısı,ATANACAK,BEKLİYOR,Henüz açılmadı,G9;G12,PLAN-013;PLAN-015;PLAN-017,ATANACAK,Kaynak MAUSEAI kapsamını üst kanunun kabul ve kanıt zincirine bağlamak.,TEST-PLAN-018,İŞ HAVUZU,SRC-04
PLAN-019,İş zekası,P7,Veri ve finans,KPI sözlüğü ve gerçek olay hesapları eşleşir,PLANLANDI,Ana şartnamedeki faz kapısı,ATANACAK,BEKLİYOR,Henüz açılmadı,G9;G12,PLAN-007;PLAN-013,ATANACAK,Kaynak MAUSEAI kapsamını üst kanunun kabul ve kanıt zincirine bağlamak.,TEST-PLAN-019,İŞ HAVUZU,SRC-04
PLAN-020,Finans ve fiyat modeli,P7,Finans ve ürün,Düşük/temel/yüksek senaryo pilot verisine bağlı,KARAR BEKLİYOR,Ana şartnamedeki faz kapısı,ATANACAK,BEKLİYOR,Henüz açılmadı,G2;G9,PLAN-002;PLAN-007,ATANACAK,Kaynak MAUSEAI kapsamını üst kanunun kabul ve kanıt zincirine bağlamak.,TEST-PLAN-020,İŞ HAVUZU,SRC-04
PLAN-021,Marka ve domain,Hazırlık,Ürün ve pazarlama,Marka uygunluğu ve sahiplik kontrol edilir,KARAR BEKLİYOR,Ana şartnamedeki faz kapısı,ATANACAK,BEKLİYOR,Henüz açılmadı,G3;G10,PLAN-001,ATANACAK,Kaynak MAUSEAI kapsamını üst kanunun kabul ve kanıt zincirine bağlamak.,TEST-PLAN-021,İŞ HAVUZU,SRC-04
PLAN-022,Site ve prototip,Hazırlık,Tasarım ve frontend,Mobil hedef→demo/trial akışı testli,PLANLANDI,Ana şartnamedeki faz kapısı,ATANACAK,BEKLİYOR,Henüz açılmadı,G6;G10,PLAN-008;PLAN-021,ATANACAK,Kaynak MAUSEAI kapsamını üst kanunun kabul ve kanıt zincirine bağlamak.,TEST-PLAN-022,İŞ HAVUZU,SRC-04
PLAN-023,SEO ve içerik,Hazırlık,Pazarlama,Public indeks ve private erişim kontrolleri geçer,PLANLANDI,Ana şartnamedeki faz kapısı,ATANACAK,BEKLİYOR,Henüz açılmadı,G10;G11,PLAN-021;PLAN-022,ATANACAK,Kaynak MAUSEAI kapsamını üst kanunun kabul ve kanıt zincirine bağlamak.,TEST-PLAN-023,İŞ HAVUZU,SRC-04
PLAN-024,Sosyal medya ve satış,Hazırlık,Pazarlama ve satış,Gerçek ürünle uyumlu taslak ve lead akışı hazır,PLANLANDI,Ana şartnamedeki faz kapısı,ATANACAK,BEKLİYOR,Henüz açılmadı,G11,PLAN-021;PLAN-022,ATANACAK,Kaynak MAUSEAI kapsamını üst kanunun kabul ve kanıt zincirine bağlamak.,TEST-PLAN-024,İŞ HAVUZU,SRC-04
PLAN-025,Hukuk ve veri politikası,P8,Hukuk ve güvenlik,Hedef pazar metinleri onaylı,DOĞRULANACAK,Ana şartnamedeki faz kapısı,ATANACAK,BEKLİYOR,Henüz açılmadı,G8;G11,PLAN-001;PLAN-009,ATANACAK,Kaynak MAUSEAI kapsamını üst kanunun kabul ve kanıt zincirine bağlamak.,TEST-PLAN-025,DOĞRULAMA BEKLİYOR,SRC-04
PLAN-026,Yedek restore ve rollback,P8,DevOps,Geri yükleme ve sürüm geri alma testli,DOĞRULAMA BEKLİYOR,Ana şartnamedeki faz kapısı,ATANACAK,BEKLİYOR,Henüz açılmadı,G8;G10,PLAN-003,ATANACAK,Kaynak MAUSEAI kapsamını üst kanunun kabul ve kanıt zincirine bağlamak.,TEST-PLAN-026,DOĞRULAMA BEKLİYOR,SRC-04
PLAN-027,Destek ve olay yönetimi,P8,Operasyon,"Sorumlu, runbook ve alarm devri hazır",PLANLANDI,Ana şartnamedeki faz kapısı,ATANACAK,BEKLİYOR,Henüz açılmadı,G8;G12,PLAN-003;PLAN-012,ATANACAK,Kaynak MAUSEAI kapsamını üst kanunun kabul ve kanıt zincirine bağlamak.,TEST-PLAN-027,İŞ HAVUZU,SRC-04
PLAN-028,Üretim ve satış kabulü,P8,Ürün sahibi,Müşteri uçtan uca fayda/ödeme/destek akışını tamamlar,BEKLİYOR,Ana şartnamedeki faz kapısı,ATANACAK,BEKLİYOR,Henüz açılmadı,G11;G12,PLAN-010;PLAN-011;PLAN-012;PLAN-013;PLAN-014;PLAN-015;PLAN-016;PLAN-017;PLAN-019;PLAN-020;PLAN-022;PLAN-023;PLAN-024;PLAN-025;PLAN-026;PLAN-027,ATANACAK,Kaynak MAUSEAI kapsamını üst kanunun kabul ve kanıt zincirine bağlamak.,TEST-PLAN-028,İŞ HAVUZU,SRC-04
PLAN-029,Kurumsal ölçek,P9,Teknik ve ürün,Ölçülen kapasite ve enterprise gereksinimleri geçer,SONRAKİ FAZ,Ana şartnamedeki faz kapısı,ATANACAK,BEKLİYOR,Henüz açılmadı,G12,PLAN-028,ATANACAK,Kaynak MAUSEAI kapsamını üst kanunun kabul ve kanıt zincirine bağlamak.,TEST-PLAN-029,İŞ HAVUZU,SRC-04
PLAN-030,Diğer projelere yönetim standardı,MAUSEAI sonrası,Ürün sahibi,Ayrı envanter ve kapsamla uygulama yapılır,BEKLİYOR,Ana şartnamedeki faz kapısı,ATANACAK,BEKLİYOR,Henüz açılmadı,G12,PLAN-028,ATANACAK,Kaynak MAUSEAI kapsamını üst kanunun kabul ve kanıt zincirine bağlamak.,TEST-PLAN-030,İŞ HAVUZU,SRC-04
MAU-ADAPT-001,Kaynak sicili ve tek ana kayıt,ST36 uyarlama,Proje sorumlusu,"Dört kaynağın kimliği/hashı, sürüm önceliği ve üretim kaydı aynı ana veri dosyasında; çıktı manifesti yeniden üretilebilir.",UYARLAMA PLANI,PLAN-003,ATANACAK,BEKLİYOR,Envanter sonrası atanacak,G0,PLAN-003,ATANACAK,PUK-306 ve 312: kaynak sayısı içerik kabulü değildir.,TEST-MAU-ADAPT-001,İŞ HAVUZU,SRC-01
MAU-ADAPT-002,377 kontrolün uygulanabilirlik ve sahiplik incelemesi,ST36 uyarlama,Proje sorumlusu,"357 PUK ve 20 ST satırı; kontrol türü, sahibi, görev/test ve gerekli kanıt; koşullu alanlara yetkili karar; hiçbir satır otomatik GEÇTİ değildir.",UYARLAMA PLANI,MAU-ADAPT-001,ATANACAK,BEKLİYOR,Envanter sonrası atanacak,G0;G4,MAU-ADAPT-001,ATANACAK,PUK-313 ve 300: madde atlama ve sahte otomasyon kapsamını önlemek.,TEST-MAU-ADAPT-002,İŞ HAVUZU,SRC-01
MAU-ADAPT-003,G0 maliyet merkezi ve başlangıç yetkisi,ST36 uyarlama,Ürün sahibi,"Proje kodu MOUSE, ana kanun aliası MAU, kanonik depo, sponsor, tek yürütme sahibi, maliyet merkezi türü ve sınırlı çalışma yetkisi kabul edilir.",UYARLAMA PLANI,PLAN-001,ATANACAK,BEKLİYOR,Envanter sonrası atanacak,G0,PLAN-001,ATANACAK,Açılış kanıtı önceki geliştirme kaydından ayrılmalı.,TEST-MAU-ADAPT-003,İŞ HAVUZU,SRC-01
MAU-ADAPT-004,Dokuz blok kanvas hipotez kabulü,ST36 uyarlama,Ürün sorumlusu,"Dokuz blokta tek sahip, kaynak, varsayım, deney, red koşulu, finans/SOP/KPI bağı; G2 test planı, G9 gerçek fayda ve ekonomi, G12 açık blok kararı.",UYARLAMA PLANI,PLAN-002,ATANACAK,BEKLİYOR,Envanter sonrası atanacak,G2;G9;G12,PLAN-002,ATANACAK,PUK-307..311: dolu kanvas doğrulanmış işletme değildir.,TEST-MAU-ADAPT-004,İŞ HAVUZU,SRC-01
MAU-ADAPT-005,Beş model ve temel matematik tutarlılığı,ST36 uyarlama,Finans sorumlusu,"Aynı segment, görev birimi, para birimi, hacim ve veri sürümü; kabul edilmiş çıktı maliyeti, katkı, kapasite ve nakit senaryoları tutarlı.",UYARLAMA PLANI,MAU-ADAPT-004;PLAN-020,ATANACAK,BEKLİYOR,Envanter sonrası atanacak,G2,MAU-ADAPT-004;PLAN-020,ATANACAK,PUK-077..095 ve 344: büyük taahhüt öncesi ortak kurucu dayanak.,TEST-MAU-ADAPT-005,İŞ HAVUZU,SRC-01
MAU-ADAPT-006,13 haftalık nakit ve ortak gider anahtarı,ST36 uyarlama,Finans sorumlusu,"Gerçek ve tahmin ayrı; finansman teyidi, gider havuzu/anahtarı ve doğrudan gider ayrımı; dağıtım toplamı havuza eşit; nakit açığı ve durdurma sınırı yetkili kararda.",UYARLAMA PLANI,MAU-ADAPT-005,ATANACAK,BEKLİYOR,Envanter sonrası atanacak,G2;G12,MAU-ADAPT-005,ATANACAK,ST-08 ve PUK-294: kâr nakit değildir; çift sayım yapılmaz.,TEST-MAU-ADAPT-006,İŞ HAVUZU,SRC-01
MAU-ADAPT-007,Hedef strateji taktik süreç görev zinciri,ST36 uyarlama,Proje sorumlusu,"Her MAUSE hedefinin strateji, taktik, süreç, görev, kabul ve KPI bağı; bağlantısız iş yürütmeye alınmaz; MRM SOP ve kaynak darboğazı kayıtlı.",UYARLAMA PLANI,MAU-ADAPT-003;MAU-ADAPT-004,ATANACAK,BEKLİYOR,Envanter sonrası atanacak,G3;G4,MAU-ADAPT-003;MAU-ADAPT-004,ATANACAK,ST-03/04/12: günlük faaliyet sonuç hedefini desteklemeli.,TEST-MAU-ADAPT-007,İŞ HAVUZU,SRC-01
MAU-ADAPT-008,Güvenilir kanıt makbuzu ve bağımsız kabul,ST36 uyarlama,Kalite sorumlusu,"Repo/commit/config/model/runner, ortam, run/test, zaman, çıktı ve yetkili doğrulayıcı; sahte VERIFIED/hash-only kaydı kapıyı geçiremez.",UYARLAMA PLANI,PLAN-003;PLAN-013,ATANACAK,BEKLİYOR,Envanter sonrası atanacak,G7;G8,PLAN-003;PLAN-013,ATANACAK,PUK-314/315: bütünlük gerçeklik yerine geçmez.,TEST-MAU-ADAPT-008,İŞ HAVUZU,SRC-01
MAU-ADAPT-009,KPI sözlüğü ve atomik kartlar,ST36 uyarlama,Veri sorumlusu,"PUK-351 sonuçları ve koruyucu ölçümler ayrı; pay/payda, kohort, dışlama, kaynak/sorgu, sıfır payda ve veri durumu; kişi, baz/hedef/eşik yetkili kabul bekler.",UYARLAMA PLANI,PLAN-019;MAU-ADAPT-007,ATANACAK,BEKLİYOR,Envanter sonrası atanacak,G5;G9;G12,PLAN-019;MAU-ADAPT-007,ATANACAK,PUK-333/349: gösterge sayısı yerine ölçümün doğruluğu kabul edilir.,TEST-MAU-ADAPT-009,İŞ HAVUZU,SRC-01
MAU-ADAPT-010,Gerçek KPI kaynak ve hesap doğrulaması,ST36 uyarlama,Veri sorumlusu,Gerçek olaylar tekilleşir; mükerrer/geç/bayat/yanlış tenant/para birimi/formül sürümü testleri; hesap bağımsız tekrar üretilir; kesintide sıfır veya yeşil verilmez.,UYARLAMA PLANI,MAU-ADAPT-009;MAU-ADAPT-008,ATANACAK,BEKLİYOR,Envanter sonrası atanacak,G8;G9,MAU-ADAPT-009;MAU-ADAPT-008,ATANACAK,PUK-336/337/343: ölçüm kusuru performans kusurundan ayrılmalı.,TEST-MAU-ADAPT-010,İŞ HAVUZU,SRC-01
MAU-ADAPT-011,Baz yöntem ile eşlenmiş pilot faydası,ST36 uyarlama,Ürün sorumlusu,"Aynı görev kapsamı ve kalite şartı; insan süresi, tüm denemeler, düzeltme, maliyet ve müşteri kabulü; örneklem ve red koşulu önceden kayıtlı.",UYARLAMA PLANI,PLAN-010;PLAN-011;MAU-ADAPT-010;PLAN-025,ATANACAK,BEKLİYOR,Envanter sonrası atanacak,G9,PLAN-010;PLAN-011;MAU-ADAPT-010;PLAN-025,ATANACAK,PUK-322/351: teknik çıktı kullanıcı sonucu değildir.,TEST-MAU-ADAPT-011,İŞ HAVUZU,SRC-01
MAU-ADAPT-012,Eşik aksiyon yeniden ölçüm döngüsü,ST36 uyarlama,Operasyon sorumlusu,"Ölçüm hatası/performance sapması ayrılır; uyarı, tek sorumlu, aksiyon, beklenen etki ve yeniden ölçüm; kritik ihlal ortalama ile kapatılamaz.",UYARLAMA PLANI,MAU-ADAPT-010,ATANACAK,BEKLİYOR,Envanter sonrası atanacak,G9;G12,MAU-ADAPT-010,ATANACAK,PUK-338/339/355: düzeltme yapılması tek başına kapanış değildir.,TEST-MAU-ADAPT-012,İŞ HAVUZU,SRC-01
MAU-ADAPT-013,Madde tabanlı sapma denetimi,ST36 uyarlama,Teknik sorumlu,"Yanlış depo, eksik sahip, döngüsel bağımlılık, kanıtsız kapanış, WIP, bütçe, açık P0 ve yetkisiz kapı geçişi testleri; doğru kayıt yanlış uyarı üretmez; bildirim kabulü ayrıca.",UYARLAMA PLANI,MAU-ADAPT-002;MAU-ADAPT-008,ATANACAK,BEKLİYOR,Envanter sonrası atanacak,G8;G12,MAU-ADAPT-002;MAU-ADAPT-008,ATANACAK,PUK-304/305: belge kuralı çalışan kontrol değildir.,TEST-MAU-ADAPT-013,İŞ HAVUZU,SRC-01
MAU-ADAPT-014,Rol bazlı günlük görev görünümü,ST36 uyarlama,Ürün sorumlusu,"İlgili kanun/girdi/yetki/kabul/engel/kanıt görünür; tamamlanan üstte; plan, kod, doğrulama, işletme durumları ayrı; ana kanun bağlantısı korunur.",UYARLAMA PLANI,MAU-ADAPT-007;MAU-ADAPT-013,ATANACAK,BEKLİYOR,Envanter sonrası atanacak,G6;G12,MAU-ADAPT-007;MAU-ADAPT-013,ATANACAK,PUK-317: sadelik kritik koşulu gizleyemez.,TEST-MAU-ADAPT-014,İŞ HAVUZU,SRC-01
MAU-ADAPT-015,Sağlayıcı ve araç değişikliği etki matrisi,ST36 uyarlama,Entegrasyon sorumlusu,Endpoint/SDK/model/araç sürümü görevlerle eşlenir; değişiklik etkilenen yöntem/KPI/kapıları açar; testli adapter PR; otomatik merge/deploy yok.,UYARLAMA PLANI,PLAN-009;PLAN-010,ATANACAK,BEKLİYOR,Envanter sonrası atanacak,G5;G7,PLAN-009;PLAN-010,ATANACAK,MAUSEAI kendini güncelleyen API ve araç uyarlama hedefi.,TEST-MAU-ADAPT-015,İŞ HAVUZU,SRC-01
MAU-ADAPT-016,Ortak canlı oturum çakışma ve devir testi,ST36 uyarlama,Teknik sorumlu,"İki yetkili kullanıcı canlı durumu görür; redirect/stop/handoff; komut sürümü/lease, yetkisiz kullanıcı ve insanla pencere çakışması; iptal sonrası yeni eylem yok.",UYARLAMA PLANI,PLAN-016;PLAN-012,ATANACAK,BEKLİYOR,Envanter sonrası atanacak,G7;G8,PLAN-016;PLAN-012,ATANACAK,MAUSEAI ekip AI hedefini paylaşılan sohbetten ayırmak.,TEST-MAU-ADAPT-016,İŞ HAVUZU,SRC-01
MAU-ADAPT-017,API bakım ve bilgisayar işi için sonuç sözleşmeleri,ST36 uyarlama,Ürün sorumlusu,"API pilotunda etki, düzeltme ve testli PR; bilgisayar pilotunda iki onaylı uygulamadan doğru rapor; her biri yanlış sonuç ve yarım teslim negatif testi taşır.",UYARLAMA PLANI,PLAN-008;PLAN-009,ATANACAK,BEKLİYOR,Envanter sonrası atanacak,G3;G7,PLAN-008;PLAN-009,ATANACAK,Genel düşünür AI hedefini ölçülebilir işlere çevirmek.,TEST-MAU-ADAPT-017,İŞ HAVUZU,SRC-01
MAU-ADAPT-018,Yetki budget ve değişiklikte yeniden kabul,ST36 uyarlama,Güvenlik sorumlusu,Plan hashı değişince onay kapsamı yeniden değerlendirilir; bütçe rezervasyonu yarışta aşılmaz; etkilenen kapı yeni sürümde DÜZELTME/BEKLEMEDE; eski kanıt korunur.,UYARLAMA PLANI,PLAN-004;PLAN-007;MAU-ADAPT-008,ATANACAK,BEKLİYOR,Envanter sonrası atanacak,G8;G10,PLAN-004;PLAN-007;MAU-ADAPT-008,ATANACAK,"PUK-299/325: mevcut yetki korunur, yeni yetki uydurulmaz.",TEST-MAU-ADAPT-018,İŞ HAVUZU,SRC-01
MAU-ADAPT-019,MRM HUB ticari ve insan kapasitesi kabulü,ST36 uyarlama,Operasyon sorumlusu,"SOP tekrar yürütme, eğitim senaryosu, rol yedeği; fırsat/teklif/fatura/tahsilat/maliyet mutabakatı; katkı ve kapasite ortak dönemde; iç kullanım kararı varsa ilgili satış kapsamı gerekçeli.",UYARLAMA PLANI,MAU-ADAPT-007;PLAN-024;MAU-ADAPT-006,ATANACAK,BEKLİYOR,Envanter sonrası atanacak,G4;G11;G12,MAU-ADAPT-007;PLAN-024;MAU-ADAPT-006,ATANACAK,"ST-04/05/10/11: yönetim, benimseme ve ekonomi birlikte işlemeli.",TEST-MAU-ADAPT-019,İŞ HAVUZU,SRC-01
MAU-ADAPT-020,G0 G12 kapı ve sürüm göçü,ST36 uyarlama,Proje sorumlusu,13 kapı üst kanun adlarıyla; G10 teknik/G11 ticari veya iç kullanım/G12 işletme ayrılır; eski kabul doğru sürüm/ortama taşınır; kritik kontrol muaf tutulamaz.,UYARLAMA PLANI,MAU-ADAPT-002;MAU-ADAPT-008,ATANACAK,BEKLİYOR,Envanter sonrası atanacak,G0;G12,MAU-ADAPT-002;MAU-ADAPT-008,ATANACAK,PUK-345: eski 12 kapı sayısı G0ı dışarıda bırakır; kapı adları uzlaştırılmalı.,TEST-MAU-ADAPT-020,İŞ HAVUZU,SRC-01
MAU-ADAPT-021,Pilot öncesi hukuk ve veri kullanım ön koşulları,ST36 uyarlama,Hukuk ve güvenlik sorumlusu,"Lisans veri alımından, kişisel veri/izin kullanıcı pilotundan önce; hedef uygulama şartları, ekran kayıtları, saklama ve devir; gerekli uzman kabulü yoksa pilot bekler.",UYARLAMA PLANI,PLAN-025;PLAN-009,ATANACAK,BEKLİYOR,Envanter sonrası atanacak,G8;G9,PLAN-025;PLAN-009,ATANACAK,PUK-298: hukuk işi satış gününe bırakılamaz.,TEST-MAU-ADAPT-021,İŞ HAVUZU,SRC-01
MAU-ADAPT-022,Ölçekleme ve sistematik bırakma kararı,ST36 uyarlama,Ürün sahibi,"Tekrarlanabilir kabul, fayda, çıktı maliyeti, kapasite ve nakit; negatif katkı hacimle gizlenmez; geçici zarar limiti ve devam/düzelt/büyüt/durdur seçenekleri kaydedilir.",UYARLAMA PLANI,PLAN-029;MAU-ADAPT-011;MAU-ADAPT-012,ATANACAK,BEKLİYOR,Envanter sonrası atanacak,G12,PLAN-029;MAU-ADAPT-011;MAU-ADAPT-012,ATANACAK,ST-16/17 ve PUK-328: büyüme otomatik sonuç değildir.,TEST-MAU-ADAPT-022,İŞ HAVUZU,SRC-01
