hafta,dönem_başlangıcı,para_birimi,açılış,tahsilat,teyitli_finansman,model_runner_araç,altyapı,ekip_destek,diğer_çıkış,kapanış,gerçek_tahmin,kaynak,sahip,durum
1,,,,,,,,,,,,,,GİRDİ BEKLİYOR
2,,,,,,,,,,,,,,GİRDİ BEKLİYOR
3,,,,,,,,,,,,,,GİRDİ BEKLİYOR
4,,,,,,,,,,,,,,GİRDİ BEKLİYOR
5,,,,,,,,,,,,,,GİRDİ BEKLİYOR
6,,,,,,,,,,,,,,GİRDİ BEKLİYOR
7,,,,,,,,,,,,,,GİRDİ BEKLİYOR
8,,,,,,,,,,,,,,GİRDİ BEKLİYOR
9,,,,,,,,,,,,,,GİRDİ BEKLİYOR
10,,,,,,,,,,,,,,GİRDİ BEKLİYOR
11,,,,,,,,,,,,,,GİRDİ BEKLİYOR
12,,,,,,,,,,,,,,GİRDİ BEKLİYOR
13,,,,,,,,,,,,,,GİRDİ BEKLİYOR
